[
  {
    "id": 1,
    "image": "https://firebasestorage.googleapis.com/v0/b/seedling-39ef5.appspot.com/o/c%C3%A2y%20g%E1%BB%97%20qu%C3%BD%20hi%E1%BA%BFm%2FC%C3%A2y%20b%E1%BA%A1ch%20t%C3%B9ng.jpg?alt=media&token=832bc91f-28b1-41c3-9f33-79ab6923af75",
    "title": "Cây bạch tùng",
    "rating": 4.5,
    "price": 12000,
    "purchase": 1231,
    "category": "cayGo",
    "date": "2021-09-01"
  },
  {
    "id": 2,
    "image": "https://firebasestorage.googleapis.com/v0/b/seedling-39ef5.appspot.com/o/c%C3%A2y%20g%E1%BB%97%20qu%C3%BD%20hi%E1%BA%BFm%2FC%C3%A2y%20gi%C3%A1ng%20h%C6%B0%C6%A1ng.jpg?alt=media&token=427abb72-d716-48a8-b6b5-5495f9439e09",
    "title": "Cây giáng hương",
    "rating": 4.8,
    "price": 9000,
    "purchase": 1523,
    "category": "cayGo",
    "date": "2021-09-02"
  },
  {
    "id": 3,
    "image": "https://firebasestorage.googleapis.com/v0/b/seedling-39ef5.appspot.com/o/c%C3%A2y%20g%E1%BB%97%20qu%C3%BD%20hi%E1%BA%BFm%2FC%C3%A2y%20g%E1%BB%97%20b%C3%A0ng.jpg?alt=media&token=f4e57168-5bc5-4ec4-b506-7ef129afdfd8",
    "title": "Cây gỗ bàng",
    "rating": 5,
    "price": 10000,
    "purchase": 5123,
    "category": "cayGo",
    "date": "2021-09-03"
  },
  {
    "id": 4,
    "image": "https://firebasestorage.googleapis.com/v0/b/seedling-39ef5.appspot.com/o/c%C3%A2y%20g%E1%BB%97%20qu%C3%BD%20hi%E1%BA%BFm%2FC%C3%A2y%20g%E1%BB%97%20b%E1%BA%B1ng%20l%C4%83ng.jpg?alt=media&token=ef46c4d0-f7c0-4760-a3c7-c946bb1241fe",
    "title": "Cây gỗ bằng lăng",
    "rating": 3.9,
    "price": 10000,
    "purchase": 1123,
    "category": "cayGo",
    "date": "2021-09-04"
  },
  {
    "id": 5,
    "image": "https://firebasestorage.googleapis.com/v0/b/seedling-39ef5.appspot.com/o/c%C3%A2y%20g%E1%BB%97%20qu%C3%BD%20hi%E1%BA%BFm%2FC%C3%A2y%20g%E1%BB%97%20cao%20su.jpg?alt=media&token=23ec957f-4ceb-4478-bc5e-03b5995d5be5",
    "title": "Cây gỗ cao su",
    "rating": 4.5,
    "price": 13000,
    "purchase": 4123,
    "category": "cayGo",
    "date": "2021-09-05"
  },
  {
    "id": 6,
    "image": "https://firebasestorage.googleapis.com/v0/b/seedling-39ef5.appspot.com/o/c%C3%A2y%20g%E1%BB%97%20qu%C3%BD%20hi%E1%BA%BFm%2FC%C3%A2y%20g%E1%BB%97%20c%C4%83m%20xe.jpg?alt=media&token=91144d02-b209-4743-80ec-262ed3efb536",
    "title": "Cây gỗ căm xe",
    "rating": 5,
    "price": 8000,
    "purchase": 1423,
    "category": "cayGo",
    "date": "2021-09-06"
  },
  {
    "id": 7,
    "image": "https://firebasestorage.googleapis.com/v0/b/seedling-39ef5.appspot.com/o/c%C3%A2y%20g%E1%BB%97%20qu%C3%BD%20hi%E1%BA%BFm%2FC%C3%A2y%20g%E1%BB%97%20c%E1%BA%A9m%20lai.jpg?alt=media&token=74349c44-6110-4e16-9842-e3567b1fdaf5",
    "title": "Cây gỗ cẩm lai",
    "rating": 4.3,
    "price": 12000,
    "purchase": 123,
    "category": "cayGo",
    "date": "2021-09-07"
  },
  {
    "id": 8,
    "image": "https://firebasestorage.googleapis.com/v0/b/seedling-39ef5.appspot.com/o/c%C3%A2y%20g%E1%BB%97%20qu%C3%BD%20hi%E1%BA%BFm%2FC%C3%A2y%20g%E1%BB%97%20d%E1%BA%A7u.jpg?alt=media&token=d7f89d20-2c9b-4192-87b5-e14d850a9a3b",
    "title": "Cây gỗ dầu",
    "rating": 4.1,
    "price": 10000,
    "purchase": 12113,
    "category": "cayGo",
    "date": "2021-09-08"
  },
  {
    "id": 9,
    "image": "https://firebasestorage.googleapis.com/v0/b/seedling-39ef5.appspot.com/o/c%C3%A2y%20g%E1%BB%97%20qu%C3%BD%20hi%E1%BA%BFm%2FC%C3%A2y%20g%E1%BB%97%20g%E1%BB%A5.webp?alt=media&token=bedb7cdc-c666-4c9e-b84b-32cb475c168c",
    "title": "Cây gỗ gụ",
    "rating": 4.6,
    "price": 10000,
    "purchase": 12345,
    "category": "cayGo",
    "date": "2021-09-09"
  },
  {
    "id": 10,
    "image": "https://firebasestorage.googleapis.com/v0/b/seedling-39ef5.appspot.com/o/c%C3%A2y%20g%E1%BB%97%20qu%C3%BD%20hi%E1%BA%BFm%2FC%C3%A2y%20g%E1%BB%97%20hu%E1%BB%B3nh%20%C4%91%C3%A0n.png?alt=media&token=84d73e66-dcb2-48bc-834a-e40515b02dd5",
    "title": "Cây gỗ huỳnh đàn",
    "rating": 4.9,
    "price": 9500,
    "purchase": 12124,
    "category": "cayGo",
    "date": "2021-09-10"
  },
  {
    "id": 11,
    "image": "https://firebasestorage.googleapis.com/v0/b/seedling-39ef5.appspot.com/o/c%C3%A2y%20g%E1%BB%97%20qu%C3%BD%20hi%E1%BA%BFm%2FC%C3%A2y%20g%E1%BB%97%20h%C6%B0%C6%A1ng.jpg?alt=media&token=776fcba5-46c1-4e8f-82ee-a9b9163f464d",
    "title": "Cây gỗ hương",
    "rating": 4.9,
    "price": 17000,
    "purchase": 1236,
    "category": "cayGo",
    "date": "2021-09-01"
  },
  {
    "id": 12,
    "image": "https://firebasestorage.googleapis.com/v0/b/seedling-39ef5.appspot.com/o/c%C3%A2y%20g%E1%BB%97%20qu%C3%BD%20hi%E1%BA%BFm%2FC%C3%A2y%20g%E1%BB%97%20sao.webp?alt=media&token=aa7a5e68-c162-4d62-9436-4326c852f53a",
    "title": "Cây gỗ sao",
    "rating": 4.8,
    "price": 12345,
    "purchase": 1523,
    "category": "cayGo",
    "date": "2021-09-02"
  },
  {
    "id": 13,
    "image": "https://firebasestorage.googleapis.com/v0/b/seedling-39ef5.appspot.com/o/c%C3%A2y%20g%E1%BB%97%20qu%C3%BD%20hi%E1%BA%BFm%2FC%C3%A2y%20g%E1%BB%97%20s%E1%BA%BFn.webp?alt=media&token=f4de5032-69ba-4fd6-82d2-fcd25c3a531a",
    "title": "Cây gỗ sến",
    "rating": 5,
    "price": 12000,
    "purchase": 5123,
    "category": "cayGo",
    "date": "2021-09-03"
  },
  {
    "id": 14,
    "image": "https://firebasestorage.googleapis.com/v0/b/seedling-39ef5.appspot.com/o/c%C3%A2y%20g%E1%BB%97%20qu%C3%BD%20hi%E1%BA%BFm%2FC%C3%A2y%20g%E1%BB%97%20tr%E1%BA%AFc.jpg?alt=media&token=548be5ae-2b6a-41a2-8b75-8efdd347235a",
    "title": "Cây Gỗ trắc",
    "rating": 3.9,
    "price": 15121,
    "purchase": 5123,
    "category": "cayGo",
    "date": "2021-09-04"
  },
  {
    "id": 15,
    "image": "https://firebasestorage.googleapis.com/v0/b/seedling-39ef5.appspot.com/o/c%C3%A2y%20g%E1%BB%97%20qu%C3%BD%20hi%E1%BA%BFm%2FC%C3%A2y%20g%E1%BB%97%20%C3%B3c%20ch%C3%B3.jpg?alt=media&token=db5110b4-3be5-40e0-8fb2-67b0db293c0f",
    "title": "Cây gỗ óc chó",
    "rating": 4.5,
    "price": 9999,
    "purchase": 4123,
    "category": "cayGo",
    "date": "2021-09-05"
  },
  {
    "id": 16,
    "image": "https://firebasestorage.googleapis.com/v0/b/seedling-39ef5.appspot.com/o/c%C3%A2y%20g%E1%BB%97%20qu%C3%BD%20hi%E1%BA%BFm%2FC%C3%A2y%20g%E1%BB%97%20%C4%91%E1%BB%8F.jpg?alt=media&token=5c1853b6-c105-4483-b9cf-dd8557b1d047",
    "title": "Cây gỗ đỏ",
    "rating": 5,
    "price": 52351,
    "purchase": 1241,
    "category": "cayGo",
    "date": "2021-09-06"
  },
  {
    "id": 17,
    "image": "https://firebasestorage.googleapis.com/v0/b/seedling-39ef5.appspot.com/o/c%C3%A2y%20g%E1%BB%97%20qu%C3%BD%20hi%E1%BA%BFm%2FC%C3%A2y%20lim.jpg?alt=media&token=8e42c8cf-2675-4da6-a52e-f36e6b3dd781",
    "title": "Cây lim",
    "rating": 3.2,
    "price": 56141,
    "purchase": 12,
    "category": "cayGo",
    "date": "2021-09-07"
  },
  {
    "id": 18,
    "image": "https://firebasestorage.googleapis.com/v0/b/seedling-39ef5.appspot.com/o/c%C3%A2y%20g%E1%BB%97%20qu%C3%BD%20hi%E1%BA%BFm%2FC%C3%A2y%20m%C3%A0ng%20tang.jpg?alt=media&token=14eff005-0b7c-4558-b105-63fcbbdd3035",
    "title": "Cây màng tang",
    "rating": 4.1,
    "price": 62341,
    "purchase": 123,
    "category": "cayGo",
    "date": "2021-09-08"
  },
  {
    "id": 19,
    "image": "https://firebasestorage.googleapis.com/v0/b/seedling-39ef5.appspot.com/o/c%C3%A2y%20g%E1%BB%97%20qu%C3%BD%20hi%E1%BA%BFm%2FC%C3%A2y%20s%C6%B0a.webp?alt=media&token=0d77ebc7-192d-4ca9-9302-1687eb92be1b",
    "title": "Cây sưa",
    "rating": 4.1,
    "price": 1231,
    "purchase": 122,
    "category": "cayGo",
    "date": "2021-09-09"
  },
  {
    "id": 20,
    "image": "https://firebasestorage.googleapis.com/v0/b/seedling-39ef5.appspot.com/o/c%C3%A2y%20g%E1%BB%97%20qu%C3%BD%20hi%E1%BA%BFm%2FC%C3%A2y%20tr%E1%BA%A7m%20h%C6%B0%C6%A1ng.jpg?alt=media&token=56658ca3-48d9-4302-a9f1-5581b12a4493",
    "title": "Cây trầm hương",
    "rating": 4.9,
    "price": 8080,
    "purchase": 1224,
    "category": "cayGo",
    "date": "2021-09-10"
  },
  {
    "id": 21,
    "image": "https://firebasestorage.googleapis.com/v0/b/seedling-39ef5.appspot.com/o/c%C3%A2y%20g%E1%BB%97%20qu%C3%BD%20hi%E1%BA%BFm%2FC%C3%A2y%20%C4%91inh%20h%C6%B0%C6%A1ng.jpg?alt=media&token=3a9e3a8b-669b-466b-9108-1e919b985414",
    "title": "Cây đinh hương",
    "rating": 4.5,
    "price": 7999,
    "purchase": 1231,
    "category": "cayGo",
    "date": "2021-09-01"
  },
  {
    "id": 22,
    "image": "https://firebasestorage.googleapis.com/v0/b/seedling-39ef5.appspot.com/o/c%C3%A2y%20g%E1%BB%97%20qu%C3%BD%20hi%E1%BA%BFm%2FC%C3%A2y%20b%E1%BA%A1ch%20%C4%91%C3%A0n.jpg?alt=media&token=a41d7cd4-a9f9-48e1-8430-9ba68b3727a1",
    "title": "Cây bạch đàn",
    "rating": 4.8,
    "price": 1234,
    "purchase": 1523,
    "category": "cayGo",
    "date": "2021-09-02"
  },
  {
    "id": 23,
    "image": "https://firebasestorage.googleapis.com/v0/b/seedling-39ef5.appspot.com/o/c%C3%A2y%20g%E1%BB%97%20qu%C3%BD%20hi%E1%BA%BFm%2FC%C3%A2y%20d%E1%BA%A7u%20n%C6%B0%E1%BB%9Bc.png?alt=media&token=6b987085-97a7-4855-9bbe-71445b109949",
    "title": "Cây dầu nước",
    "rating": 5,
    "price": 12345,
    "purchase": 5123,
    "category": "cayGo",
    "date": "2021-09-03"
  },
  {
    "id": 24,
    "image": "https://firebasestorage.googleapis.com/v0/b/seedling-39ef5.appspot.com/o/c%C3%A2y%20g%E1%BB%97%20qu%C3%BD%20hi%E1%BA%BFm%2FC%C3%A2y%20d%E1%BA%A7u%20r%C3%A1i.jpg?alt=media&token=07e63308-a6fc-4eba-894a-714c1f10a2f1",
    "title": "Cây dầu rái",
    "rating": 3.9,
    "price": 9099,
    "purchase": 1123,
    "category": "cayGo",
    "date": "2021-09-04"
  },
  {
    "id": 25,
    "image": "https://firebasestorage.googleapis.com/v0/b/seedling-39ef5.appspot.com/o/c%C3%A2y%20g%E1%BB%97%20qu%C3%BD%20hi%E1%BA%BFm%2FC%C3%A2y%20t%E1%BA%BFch.jpg?alt=media&token=36e03940-3399-48ae-bf4e-2567b6593d9f",
    "title": "Cây tếch",
    "rating": 4.5,
    "price": 3000,
    "purchase": 4123,
    "category": "cayGo",
    "date": "2021-09-05"
  },
  {
    "id": 26,
    "image": "https://firebasestorage.googleapis.com/v0/b/seedling-39ef5.appspot.com/o/c%C3%A2y%20g%E1%BB%97%20qu%C3%BD%20hi%E1%BA%BFm%2FC%C3%A2y%20th%C3%B4ng.webp?alt=media&token=84bf42f6-054d-423f-9c63-3cf2987fe23f",
    "title": "Cây thông",
    "rating": 5,
    "price": 24000,
    "purchase": 1423,
    "category": "cayGo",
    "date": "2021-09-06"
  },
  {  
    "id": 20,  
    "image": "https://firebasestorage.googleapis.com/v0/b/seedling-39ef5.appspot.com/o/cayAnQua%2FC%C3%A2y%20xo%C3%A0i.jpg?alt=media&token=6e16c493-abc6-4f6a-aae4-2e5948794a8b",  
    "title": "Cây xoài",  
    "rating": 4.5,  
    "price": 7000,  
    "purchase": 1432,  
    "category": "cayAnQua",  
    "date": "2021-09-20"  
  },  
  {  
    "id": 21,  
    "image": "https://firebasestorage.googleapis.com/v0/b/seedling-39ef5.appspot.com/o/cayAnQua%2FC%C3%A2y%20chu%E1%BB%91i.jpg?alt=media&token=3a2c8d2d-3fba-486a-9c7d-1eb74a3e8f06",  
    "title": "Cây chuối",  
    "rating": 4.8,  
    "price": 5000,  
    "purchase": 1823,  
    "category": "cayAnQua",  
    "date": "2021-09-21"  
  },  
  {  
    "id": 22,  
    "image": "https://firebasestorage.googleapis.com/v0/b/seedling-39ef5.appspot.com/o/cayAnQua%2FCy%20mang%20c%E1%BB%A5t%20v%C3%A0ng.jpg?alt=media&token=7c8ad7ef-83b2-4fa6-a3f1-6155a1c1a14f",  
    "title": "Cây măng cụt vàng",  
    "rating": 5,  
    "price": 15000,  
    "purchase": 912,  
    "category": "cayAnQua",  
    "date": "2021-09-22"  
  },  
  {  
    "id": 23,  
    "image": "https://firebasestorage.googleapis.com/v0/b/seedling-39ef5.appspot.com/o/cayAnQua%2FC%C3%A2y%20d%E1%BB%AAB.jpg?alt=media&token=d1d7b2b2-d868-44c8-acac-fc8e7e67f153",  
    "title": "Cây dừa",  
    "rating": 4.4,  
    "price": 8000,  
    "purchase": 2413,  
    "category": "cayAnQua",  
    "date": "2021-09-23"  
  },  
  {  
    "id": 24,  
    "image": "https://firebasestorage.googleapis.com/v0/b/seedling-39ef5.appspot.com/o/cayAnQua%2FC%C3%A2y%20b%C6%B0%E1%BB%9Fi.webp?alt=media&token=bd8f7337-7dadd-4c43-bbdd-9b6bd3e6e469",  
    "title": "Cây bưởi",  
    "rating": 5,  
    "price": 12000,  
    "purchase": 1923,  
    "category": "cayAnQua",  
    "date": "2021-09-24"  
  },  
  {  
    "id": 25,  
    "image": "https://firebasestorage.googleapis.com/v0/b/seedling-39ef5.appspot.com/o/cayAnQua%2FC%C3%A2y%20cam.jpg?alt=media&token=2d5bfc9e-59e9-4cfa-a13d-0ef84c870a60",  
    "title": "Cây cam",  
    "rating": 4.7,  
    "price": 7500,  
    "purchase": 1632,  
    "category": "cayAnQua",  
    "date": "2021-09-25"  
  },  
  {  
    "id": 26,  
    "image": "https://firebasestorage.googleapis.com/v0/b/seedling-39ef5.appspot.com/o/cayAnQua%2FC%C3%A2y%20chanh.jpg?alt=media&token=c4038c7f-5f3b-45f8-b6dd-abc35b5c53b2",  
    "title": "Cây chanh",  
    "rating": 4.3,  
    "price": 6000,  
    "purchase": 1423,  
    "category": "cayAnQua",  
    "date": "2021-09-26"  
  },  
  {  
    "id": 27,  
    "image": "https://firebasestorage.googleapis.com/v0/b/seedling-39ef5.appspot.com/o/cayAnQua%2FC%C3%A2y%20v%C3%BA%20s%E1%BB%AFa.jpg?alt=media&token=b6dd9679-839a-4860-9443-cf039a0fc4ce",  
    "title": "Cây vú sữa",  
    "rating": 4.9,  
    "price": 11000,  
    "purchase": 1435,  
    "category": "cayAnQua",  
    "date": "2021-09-27"  
  },  
  {  
    "id": 28,  
    "image": "https://firebasestorage.googleapis.com/v0/b/seedling-39ef5.appspot.com/o/cayAnQua%2FC%C3%A2y%20t%C3%A1o.jpg?alt=media&token=8b1635e7-28ab-4e04-b2f2-ff9b4dbc37f5",  
    "title": "Cây táo",  
    "rating": 4.2,  
    "price": 5000,  
    "purchase": 1237,  
    "category": "cayAnQua",  
    "date": "2021-09-28"  
  },  
  {  
    "id": 29,  
    "image": "https://firebasestorage.googleapis.com/v0/b/seedling-39ef5.appspot.com/o/cayAnQua%2FC%C3%A2y%20cam%20b%C6%B0%E1%BB%9Fi.jpg?alt=media&token=cc7caf12-fb5a-4ddb-949b-5e3cf0e74a9c",  
    "title": "Cây cam bưởi",  
    "rating": 4.6,  
    "price": 9000,  
    "purchase": 2354,  
    "category": "cayAnQua",  
    "date": "2021-09-29"  
  },
  {  
    "id": 30,  
    "image": "https://firebasestorage.googleapis.com/v0/b/seedling-39ef5.appspot.com/o/cayAnQua%2FCay%20mit.jpg?alt=media&token=82e45e57-85b8-4bb3-9b51-3a652bcf2ee4",  
    "title": "Cây mít",  
    "rating": 4.8,  
    "price": 10000,  
    "purchase": 2532,  
    "category": "cayAnQua",  
    "date": "2021-09-30"  
  },  
  {  
    "id": 31,  
    "image": "https://firebasestorage.googleapis.com/v0/b/seedling-39ef5.appspot.com/o/cayAnQua%2FCay%20thanh%20long.jpg?alt=media&token=a7ac0c52-7bb7-4df3-abf8-cc839f6db9de",  
    "title": "Cây thanh long",  
    "rating": 4.6,  
    "price": 8000,  
    "purchase": 1932,  
    "category": "cayAnQua",  
    "date": "2021-10-01"  
  },  
  {  
    "id": 32,  
    "image": "https://firebasestorage.googleapis.com/v0/b/seedling-39ef5.appspot.com/o/cayAnQua%2FCay%20na.jpg?alt=media&token=d273b7a9-45f2-4b83-9d33-f368bd0b62ef",  
    "title": "Cây na",  
    "rating": 4.5,  
    "price": 9000,  
    "purchase": 1523,  
    "category": "cayAnQua",  
    "date": "2021-10-02"  
  },  
  {  
    "id": 33,  
    "image": "https://firebasestorage.googleapis.com/v0/b/seedling-39ef5.appspot.com/o/cayAnQua%2FCay%20oi.jpg?alt=media&token=85b08eac-1dbb-40c9-97a6-eeb3d2c8d43f",  
    "title": "Cây ổi",  
    "rating": 4.7,  
    "price": 7000,  
    "purchase": 1323,  
    "category": "cayAnQua",  
    "date": "2021-10-03"  
  },  
  {  
    "id": 34,  
    "image": "https://firebasestorage.googleapis.com/v0/b/seedling-39ef5.appspot.com/o/cayAnQua%2FCay%20man.jpg?alt=media&token=278f583c-ffa6-4fa9-8f03-30684f6b5ad7",  
    "title": "Cây mận",  
    "rating": 4.3,  
    "price": 7500,  
    "purchase": 1134,  
    "category": "cayAnQua",  
    "date": "2021-10-04"  
  },  
  {  
    "id": 35,  
    "image": "https://firebasestorage.googleapis.com/v0/b/seedling-39ef5.appspot.com/o/cayAnQua%2FCay%20dieu.jpg?alt=media&token=5fca2b5b-60e4-4595-89cd-51c8ff5e5abf",  
    "title": "Cây điều",  
    "rating": 4.9,  
    "price": 13000,  
    "purchase": 931,  
    "category": "cayAnQua",  
    "date": "2021-10-05"  
  },  
  {  
    "id": 36,  
    "image": "https://firebasestorage.googleapis.com/v0/b/seedling-39ef5.appspot.com/o/cayAnQua%2FCay%20dua%20hau.jpg?alt=media&token=affcbdea-68f6-4871-8e18-68944fcd2fef",  
    "title": "Cây dưa hấu",  
    "rating": 4.4,  
    "price": 6000,  
    "purchase": 1183,  
    "category": "cayAnQua",  
    "date": "2021-10-06"  
  },  
  {  
    "id": 37,  
    "image": "https://firebasestorage.googleapis.com/v0/b/seedling-39ef5.appspot.com/o/cayAnQua%2FCay%20dua.jpg?alt=media&token=27b510f1-388a-4691-bbaa-7604d6c51385",  
    "title": "Cây dứa",  
    "rating": 4.2,  
    "price": 7000,  
    "purchase": 1403,  
    "category": "cayAnQua",  
    "date": "2021-10-07"  
  },  
  {  
    "id": 38,  
    "image": "https://firebasestorage.googleapis.com/v0/b/seedling-39ef5.appspot.com/o/cayAnQua%2FCay%20le.jpg?alt=media&token=553daeba-9e5e-4f55-93c1-d2440adf284b",  
    "title": "Cây lê",  
    "rating": 4.5,  
    "price": 9500,  
    "purchase": 1121,  
    "category": "cayAnQua",  
    "date": "2021-10-08"  
  },  
  {  
    "id": 39,  
    "image": "https://firebasestorage.googleapis.com/v0/b/seedling-39ef5.appspot.com/o/cayAnQua%2FCay%20luu.jpg?alt=media&token=2e853d4a-3e86-448c-9b53-0a28b7131516",  
    "title": "Cây lựu",  
    "rating": 4.6,  
    "price": 8500,  
    "purchase": 1502,  
    "category": "cayAnQua",  
    "date": "2021-10-09"  
  },
  {  
    "id": 40,  
    "image": "https://firebasestorage.googleapis.com/v0/b/seedling-39ef5.appspot.com/o/cayAnQua%2FCay%20mang%20cu.jpg?alt=media&token=05a6eefc-55bb-4a2b-9b95-9d5b09fbc6b9",  
    "title": "Cây măng cụt",  
    "rating": 4.8,  
    "price": 15000,  
    "purchase": 1432,  
    "category": "cayAnQua",  
    "date": "2021-10-10"  
  },  
  {  
    "id": 41,  
    "image": "https://firebasestorage.googleapis.com/v0/b/seedling-39ef5.appspot.com/o/cayAnQua%2FCay%20mit%20non.jpg?alt=media&token=5a1b26c2-10dc-4f95-a6a8-610b7fb830a9",  
    "title": "Cây mít non",  
    "rating": 4.5,  
    "price": 10000,  
    "purchase": 1634,  
    "category": "cayAnQua",  
    "date": "2021-10-11"  
  },  
  {  
    "id": 42,  
    "image": "https://firebasestorage.googleapis.com/v0/b/seedling-39ef5.appspot.com/o/cayAnQua%2FCay%20nho.jpg?alt=media&token=f8b4e120-5ad4-4dc9-948e-7ba64e66b8c8",  
    "title": "Cây nho",  
    "rating": 4.7,  
    "price": 8000,  
    "purchase": 1235,  
    "category": "cayAnQua",  
    "date": "2021-10-12"  
  },  
  {  
    "id": 43,  
    "image": "https://firebasestorage.googleapis.com/v0/b/seedling-39ef5.appspot.com/o/cayAnQua%2FCay%20noi%20hat.jpg?alt=media&token=9fc45b21-a791-4f8a-8943-2ff2b822d0c7",  
    "title": "Cây nho không hạt",  
    "rating": 4.6,  
    "price": 10500,  
    "purchase": 1432,  
    "category": "cayAnQua",  
    "date": "2021-10-13"  
  },  
  {  
    "id": 44,  
    "image": "https://firebasestorage.googleapis.com/v0/b/seedling-39ef5.appspot.com/o/cayAnQua%2FCay%20dua%20hong.jpg?alt=media&token=330bc487-e168-4a6d-90e8-ac84e69fc017",  
    "title": "Cây dừa hồng",  
    "rating": 4.9,  
    "price": 9500,  
    "purchase": 1521,  
    "category": "cayAnQua",  
    "date": "2021-10-14"  
  },  
  {  
    "id": 45,  
    "image": "https://firebasestorage.googleapis.com/v0/b/seedling-39ef5.appspot.com/o/cayAnQua%2FCay%20tao%20ta.jpg?alt=media&token=12e033e9-8f61-463f-97b0-15df6a90d7d4",  
    "title": "Cây táo ta",  
    "rating": 4.4,  
    "price": 7000,  
    "purchase": 1342,  
    "category": "cayAnQua",  
    "date": "2021-10-15"  
  },  
  {  
    "id": 46,  
    "image": "https://firebasestorage.googleapis.com/v0/b/seedling-39ef5.appspot.com/o/cayAnQua%2FCay%20dua%20gang.jpg?alt=media&token=72a9dec5-e8b2-4f7b-8050-fec2d7e35009",  
    "title": "Cây dưa gang",  
    "rating": 4.3,  
    "price": 6000,  
    "purchase": 1234,  
    "category": "cayAnQua",  
    "date": "2021-10-16"  
  },  
  {  
    "id": 47,  
    "image": "https://firebasestorage.googleapis.com/v0/b/seedling-39ef5.appspot.com/o/cayAnQua%2FCay%20lai.jpg?alt=media&token=154f6e54-6ba5-4d24-a80b-858324c9b569",  
    "title": "Cây lãi",  
    "rating": 4.6,  
    "price": 9500,  
    "purchase": 934,  
    "category": "cayAnQua",  
    "date": "2021-10-17"  
  },  
  {  
    "id": 48,  
    "image": "https://firebasestorage.googleapis.com/v0/b/seedling-39ef5.appspot.com/o/cayAnQua%2FCay%20sung.jpg?alt=media&token=82a07220-cacb-4c7f-963d-b898a2ac3eb4",  
    "title": "Cây sung",  
    "rating": 4.2,  
    "price": 8500,  
    "purchase": 1123,  
    "category": "cayAnQua",  
    "date": "2021-10-18"  
  },  
  {  
    "id": 49,  
    "image": "https://firebasestorage.googleapis.com/v0/b/seedling-39ef5.appspot.com/o/cayAnQua%2FCay%20coc.jpg?alt=media&token=39852b0b-d6f6-4029-be1e-8651ba0aab2c",  
    "title": "Cây cóc",  
    "rating": 4.5,  
    "price": 7000,  
    "purchase": 1232,  
    "category": "cayAnQua",  
    "date": "2021-10-19"  
  },
  {  
    "id": 40,  
    "image": "https://firebasestorage.googleapis.com/v0/b/seedling-39ef5.appspot.com/o/cayAnQua%2FCay%20mang%20cu.jpg?alt=media&token=05a6eefc-55bb-4a2b-9b95-9d5b09fbc6b9",  
    "title": "Cây măng cụt",  
    "rating": 4.8,  
    "price": 15000,  
    "purchase": 1432,  
    "category": "cayAnQua",  
    "date": "2021-10-10"  
  },  
  {  
    "id": 41,  
    "image": "https://firebasestorage.googleapis.com/v0/b/seedling-39ef5.appspot.com/o/cayAnQua%2FCay%20mit%20non.jpg?alt=media&token=5a1b26c2-10dc-4f95-a6a8-610b7fb830a9",  
    "title": "Cây mít non",  
    "rating": 4.5,  
    "price": 10000,  
    "purchase": 1634,  
    "category": "cayAnQua",  
    "date": "2021-10-11"  
  },  
  {  
    "id": 42,  
    "image": "https://firebasestorage.googleapis.com/v0/b/seedling-39ef5.appspot.com/o/cayAnQua%2FCay%20nho.jpg?alt=media&token=f8b4e120-5ad4-4dc9-948e-7ba64e66b8c8",  
    "title": "Cây nho",  
    "rating": 4.7,  
    "price": 8000,  
    "purchase": 1235,  
    "category": "cayAnQua",  
    "date": "2021-10-12"  
  },  
  {  
    "id": 43,  
    "image": "https://firebasestorage.googleapis.com/v0/b/seedling-39ef5.appspot.com/o/cayAnQua%2FCay%20noi%20hat.jpg?alt=media&token=9fc45b21-a791-4f8a-8943-2ff2b822d0c7",  
    "title": "Cây nho không hạt",  
    "rating": 4.6,  
    "price": 10500,  
    "purchase": 1432,  
    "category": "cayAnQua",  
    "date": "2021-10-13"  
  },  
  {  
    "id": 44,  
    "image": "https://firebasestorage.googleapis.com/v0/b/seedling-39ef5.appspot.com/o/cayAnQua%2FCay%20dua%20hong.jpg?alt=media&token=330bc487-e168-4a6d-90e8-ac84e69fc017",  
    "title": "Cây dừa hồng",  
    "rating": 4.9,  
    "price": 9500,  
    "purchase": 1521,  
    "category": "cayAnQua",  
    "date": "2021-10-14"  
  },  
  {  
    "id": 45,  
    "image": "https://firebasestorage.googleapis.com/v0/b/seedling-39ef5.appspot.com/o/cayAnQua%2FCay%20tao%20ta.jpg?alt=media&token=12e033e9-8f61-463f-97b0-15df6a90d7d4",  
    "title": "Cây táo ta",  
    "rating": 4.4,  
    "price": 7000,  
    "purchase": 1342,  
    "category": "cayAnQua",  
    "date": "2021-10-15"  
  },  
  {  
    "id": 46,  
    "image": "https://firebasestorage.googleapis.com/v0/b/seedling-39ef5.appspot.com/o/cayAnQua%2FCay%20dua%20gang.jpg?alt=media&token=72a9dec5-e8b2-4f7b-8050-fec2d7e35009",  
    "title": "Cây dưa gang",  
    "rating": 4.3,  
    "price": 6000,  
    "purchase": 1234,  
    "category": "cayAnQua",  
    "date": "2021-10-16"  
  },  
  {  
    "id": 47,  
    "image": "https://firebasestorage.googleapis.com/v0/b/seedling-39ef5.appspot.com/o/cayAnQua%2FCay%20lai.jpg?alt=media&token=154f6e54-6ba5-4d24-a80b-858324c9b569",  
    "title": "Cây lãi",  
    "rating": 4.6,  
    "price": 9500,  
    "purchase": 934,  
    "category": "cayAnQua",  
    "date": "2021-10-17"  
  },  
  {  
    "id": 48,  
    "image": "https://firebasestorage.googleapis.com/v0/b/seedling-39ef5.appspot.com/o/cayAnQua%2FCay%20sung.jpg?alt=media&token=82a07220-cacb-4c7f-963d-b898a2ac3eb4",  
    "title": "Cây sung",  
    "rating": 4.2,  
    "price": 8500,  
    "purchase": 1123,  
    "category": "cayAnQua",  
    "date": "2021-10-18"  
  },  
  {  
    "id": 49,  
    "image": "https://firebasestorage.googleapis.com/v0/b/seedling-39ef5.appspot.com/o/cayAnQua%2FCay%20coc.jpg?alt=media&token=39852b0b-d6f6-4029-be1e-8651ba0aab2c",  
    "title": "Cây cóc",  
    "rating": 4.5,  
    "price": 7000,  
    "purchase": 1232,  
    "category": "cayAnQua",  
    "date": "2021-10-19"  
  }, 
  {  
    "id": 50,  
    "image": "https://firebasestorage.googleapis.com/v0/b/seedling-39ef5.appspot.com/o/cayAnQua%2FCay%20xoai.jpg?alt=media&token=b3e2db53-c856-47b1-82db-8a55d58d26e5",  
    "title": "Cây xoài",  
    "rating": 4.7,  
    "price": 12000,  
    "purchase": 1456,  
    "category": "cayAnQua",  
    "date": "2021-10-20"  
  },  
  {  
    "id": 51,  
    "image": "https://firebasestorage.googleapis.com/v0/b/seedling-39ef5.appspot.com/o/cayAnQua%2FCay%20mang.jpg?alt=media&token=4d9ff52e-84d5-4482-8e45-347676e4c88e",  
    "title": "Cây mận",  
    "rating": 4.8,  
    "price": 10000,  
    "purchase": 1543,  
    "category": "cayAnQua",  
    "date": "2021-10-21"  
  },  
  {  
    "id": 52,  
    "image": "https://firebasestorage.googleapis.com/v0/b/seedling-39ef5.appspot.com/o/cayAnQua%2FCay%20cam.jpg?alt=media&token=f1314cee-bcee-4f3d-8f45-04d4aba2c83c",  
    "title": "Cây cam",  
    "rating": 4.6,  
    "price": 9500,  
    "purchase": 1321,  
    "category": "cayAnQua",  
    "date": "2021-10-22"  
  },  
  {  
    "id": 53,  
    "image": "https://firebasestorage.googleapis.com/v0/b/seedling-39ef5.appspot.com/o/cayAnQua%2FCay%20chanh.jpg?alt=media&token=3f9f9b69-8bc1-464a-9bb2-d9542b478fa5",  
    "title": "Cây chanh",  
    "rating": 4.7,  
    "price": 8000,  
    "purchase": 1214,  
    "category": "cayAnQua",  
    "date": "2021-10-23"  
  },  
  {  
    "id": 54,  
    "image": "https://firebasestorage.googleapis.com/v0/b/seedling-39ef5.appspot.com/o/cayAnQua%2FCay%20kip.jpg?alt=media&token=7d272649-22c3-4d5a-8d91-501dc283094b",  
    "title": "Cây kíp",  
    "rating": 4.4,  
    "price": 10000,  
    "purchase": 1342,  
    "category": "cayAnQua",  
    "date": "2021-10-24"  
  },  
  {  
    "id": 55,  
    "image": "https://firebasestorage.googleapis.com/v0/b/seedling-39ef5.appspot.com/o/cayAnQua%2FCay%20sau%20rieng.jpg?alt=media&token=4835736b-33e7-47bc-a529-54fcee62f92e",  
    "title": "Cây sầu riêng",  
    "rating": 4.9,  
    "price": 18000,  
    "purchase": 1643,  
    "category": "cayAnQua",  
    "date": "2021-10-25"  
  },  
  {  
    "id": 56,  
    "image": "https://firebasestorage.googleapis.com/v0/b/seedling-39ef5.appspot.com/o/cayAnQua%2FCay%20me.jpg?alt=media&token=a1c937f3-01cb-4ac6-8209-603d2ec99dbb",  
    "title": "Cây me",  
    "rating": 4.5,  
    "price": 9000,  
    "purchase": 1123,  
    "category": "cayAnQua",  
    "date": "2021-10-26"  
  },  
  {  
    "id": 57,  
    "image": "https://firebasestorage.googleapis.com/v0/b/seedling-39ef5.appspot.com/o/cayAnQua%2FCay%20dau.jpg?alt=media&token=2cbe7adb-d5f7-4e6e-8212-8edc3c4058a6",  
    "title": "Cây đậu",  
    "rating": 4.2,  
    "price": 6500,  
    "purchase": 1321,  
    "category": "cayAnQua",  
    "date": "2021-10-27"  
  },  
  {  
    "id": 58,  
    "image": "https://firebasestorage.googleapis.com/v0/b/seedling-39ef5.appspot.com/o/cayAnQua%2FCay%20hong.jpg?alt=media&token=70f3c698-0e51-4b87-88ba-c324543280ba",  
    "title": "Cây hồng",  
    "rating": 4.6,  
    "price": 9000,  
    "purchase": 1254,  
    "category": "cayAnQua",  
    "date": "2021-10-28"  
  },  
  {  
    "id": 59,  
    "image": "https://firebasestorage.googleapis.com/v0/b/seedling-39ef5.appspot.com/o/cayAnQua%2FCay%20du.jpg?alt=media&token=1b45f782-4b31-4e8a-bec3-f22a57c83314",  
    "title": "Cây dâu",  
    "rating": 4.8,  
    "price": 9500,  
    "purchase": 1432,  
    "category": "cayAnQua",  
    "date": "2021-10-29"  
  },
  {  
    "id": 60,  
    "image": "https://firebasestorage.googleapis.com/v0/b/seedling-39ef5.appspot.com/o/cayThuoc%2FCay%20gac.jpg?alt=media&token=40d2d4b7-aa58-4b72-8529-d856d9f0e96f",  
    "title": "Cây gấc",  
    "rating": 4.8,  
    "price": 12000,  
    "purchase": 1123,  
    "category": "cayThuoc",  
    "date": "2021-11-01"  
  },  
  {  
    "id": 61,  
    "image": "https://firebasestorage.googleapis.com/v0/b/seedling-39ef5.appspot.com/o/cayThuoc%2FCay%20dinh%20lang.jpg?alt=media&token=625b9d15-3c8b-48b8-9d5f-3b81f3a2226e",  
    "title": "Cây đinh lăng",  
    "rating": 4.7,  
    "price": 10000,  
    "purchase": 1232,  
    "category": "cayThuoc",  
    "date": "2021-11-02"  
  },  
  {  
    "id": 62,  
    "image": "https://firebasestorage.googleapis.com/v0/b/seedling-39ef5.appspot.com/o/cayThuoc%2FCay%20ba%20kich.jpg?alt=media&token=489fb268-43c4-4d32-894c-aca918b03e32",  
    "title": "Cây ba kích",  
    "rating": 4.9,  
    "price": 15000,  
    "purchase": 1456,  
    "category": "cayThuoc",  
    "date": "2021-11-03"  
  },  
  {  
    "id": 63,  
    "image": "https://firebasestorage.googleapis.com/v0/b/seedling-39ef5.appspot.com/o/cayThuoc%2FCay%20cau.jpg?alt=media&token=d2ebfa5f-bae1-45a7-975b-8d5ef774ec03",  
    "title": "Cây cau",  
    "rating": 4.6,  
    "price": 8000,  
    "purchase": 1342,  
    "category": "cayThuoc",  
    "date": "2021-11-04"  
  },  
  {  
    "id": 64,  
    "image": "https://firebasestorage.googleapis.com/v0/b/seedling-39ef5.appspot.com/o/cayThuoc%2FCay%20dai%20hoang.jpg?alt=media&token=aa3c3323-96b9-46b3-bbe7-5be9cbecec97",  
    "title": "Cây đại hoàng",  
    "rating": 4.5,  
    "price": 9500,  
    "purchase": 1214,  
    "category": "cayThuoc",  
    "date": "2021-11-05"  
  },  
  {  
    "id": 65,  
    "image": "https://firebasestorage.googleapis.com/v0/b/seedling-39ef5.appspot.com/o/cayThuoc%2FCay%20ha%20thao%20do.jpg?alt=media&token=8ab07b7e-1316-4612-9de4-42dbcec58ba3",  
    "title": "Cây hà thủ ô đỏ",  
    "rating": 4.9,  
    "price": 18000,  
    "purchase": 1643,  
    "category": "cayThuoc",  
    "date": "2021-11-06"  
  },  
  {  
    "id": 66,  
    "image": "https://firebasestorage.googleapis.com/v0/b/seedling-39ef5.appspot.com/o/cayThuoc%2FCay%20duoi%20chuot.jpg?alt=media&token=a1c937f3-01cb-4ac6-8209-603d2ec99dbb",  
    "title": "Cây đuôi chuột",  
    "rating": 4.4,  
    "price": 7000,  
    "purchase": 1032,  
    "category": "cayThuoc",  
    "date": "2021-11-07"  
  },  
  {  
    "id": 67,  
    "image": "https://firebasestorage.googleapis.com/v0/b/seedling-39ef5.appspot.com/o/cayThuoc%2FCay%20khoai%20mai.jpg?alt=media&token=3f9f9b69-8bc1-464a-9bb2-d9542b478fa5",  
    "title": "Cây khoai mài",  
    "rating": 4.7,  
    "price": 8500,  
    "purchase": 1134,  
    "category": "cayThuoc",  
    "date": "2021-11-08"  
  },  
  {  
    "id": 68,  
    "image": "https://firebasestorage.googleapis.com/v0/b/seedling-39ef5.appspot.com/o/cayThuoc%2FCay%20lac%20tien.jpg?alt=media&token=7d272649-22c3-4d5a-8d91-501dc283094b",  
    "title": "Cây lạc tiên",  
    "rating": 4.8,  
    "price": 9000,  
    "purchase": 1243,  
    "category": "cayThuoc",  
    "date": "2021-11-09"  
  },  
  {  
    "id": 69,  
    "image": "https://firebasestorage.googleapis.com/v0/b/seedling-39ef5.appspot.com/o/cayThuoc%2FCay%20xa%20den.jpg?alt=media&token=4835736b-33e7-47bc-a529-54fcee62f92e",  
    "title": "Cây xạ đen",  
    "rating": 4.2,  
    "price": 10000,  
    "purchase": 1034,  
    "category": "cayThuoc",  
    "date": "2021-11-10"  
  },
  {  
    "id": 70,  
    "image": "https://firebasestorage.googleapis.com/v0/b/seedling-39ef5.appspot.com/o/cayThuoc%2FCay%20tam%20that.jpg?alt=media&token=4e4e2db1-6b97-4d8a-a30c-0a627ae8fc6b",  
    "title": "Cây tam thất",  
    "rating": 4.8,  
    "price": 13000,  
    "purchase": 1132,  
    "category": "cayThuoc",  
    "date": "2021-11-11"  
  },  
  {  
    "id": 71,  
    "image": "https://firebasestorage.googleapis.com/v0/b/seedling-39ef5.appspot.com/o/cayThuoc%2FCay%20nhan%20sam.jpg?alt=media&token=bc11674e-5b4d-4b1f-871f-8db7ba650866",  
    "title": "Cây nhân sâm",  
    "rating": 4.9,  
    "price": 17000,  
    "purchase": 1432,  
    "category": "cayThuoc",  
    "date": "2021-11-12"  
  },  
  {  
    "id": 72,  
    "image": "https://firebasestorage.googleapis.com/v0/b/seedling-39ef5.appspot.com/o/cayThuoc%2FCay%20xa%20dam.jpg?alt=media&token=aa364cbc-3cbb-4412-89a9-b716dc3debae",  
    "title": "Cây xạ đạm",  
    "rating": 4.7,  
    "price": 9000,  
    "purchase": 1204,  
    "category": "cayThuoc",  
    "date": "2021-11-13"  
  },  
  {  
    "id": 73,  
    "image": "https://firebasestorage.googleapis.com/v0/b/seedling-39ef5.appspot.com/o/cayThuoc%2FCay%20nguu%20bat.jpg?alt=media&token=f19bba89-ea58-4808-92be-56e752b7a195",  
    "title": "Cây ngưu bát",  
    "rating": 4.5,  
    "price": 8500,  
    "purchase": 1143,  
    "category": "cayThuoc",  
    "date": "2021-11-14"  
  },  
  {  
    "id": 74,  
    "image": "https://firebasestorage.googleapis.com/v0/b/seedling-39ef5.appspot.com/o/cayThuoc%2FCay%20ke%20dau%20ngua.jpg?alt=media&token=8c502eb8-6a3a-4e21-8eac-6251bab5677b",  
    "title": "Cây kê đầu ngựa",  
    "rating": 4.6,  
    "price": 7500,  
    "purchase": 1004,  
    "category": "cayThuoc",  
    "date": "2021-11-15"  
  },  
  {  
    "id": 75,  
    "image": "https://firebasestorage.googleapis.com/v0/b/seedling-39ef5.appspot.com/o/cayThuoc%2FCay%20mat%20gaug.jpg?alt=media&token=ed7fcf1f-8db7-452d-bf49-79aacbb000d8",  
    "title": "Cây mật gấu",  
    "rating": 4.4,  
    "price": 7200,  
    "purchase": 968,  
    "category": "cayThuoc",  
    "date": "2021-11-16"  
  },  
  {  
    "id": 76,  
    "image": "https://firebasestorage.googleapis.com/v0/b/seedling-39ef5.appspot.com/o/cayThuoc%2FCay%20raut%20lim%20xanh.jpg?alt=media&token=d0c3d9a2-9c9e-45c8-8e54-60ee72f5ef2f",  
    "title": "Cây rau lim xanh",  
    "rating": 4.7,  
    "price": 9500,  
    "purchase": 1274,  
    "category": "cayThuoc",  
    "date": "2021-11-17"  
  },  
  {  
    "id": 77,  
    "image": "https://firebasestorage.googleapis.com/v0/b/seedling-39ef5.appspot.com/o/cayThuoc%2FCay%20thinh.jpg?alt=media&token=f60fbbf2-d2f6-4b39-8ec5-65d5d185e970",  
    "title": "Cây thinh",  
    "rating": 4.8,  
    "price": 12000,  
    "purchase": 1321,  
    "category": "cayThuoc",  
    "date": "2021-11-18"  
  },  
  {  
    "id": 78,  
    "image": "https://firebasestorage.googleapis.com/v0/b/seedling-39ef5.appspot.com/o/cayThuoc%2FCay%20doc%20mang.jpg?alt=media&token=8c7151d7-2243-4741-9930-d93d74da5a7a",  
    "title": "Cây độc măng",  
    "rating": 4.3,  
    "price": 8500,  
    "purchase": 1094,  
    "category": "cayThuoc",  
    "date": "2021-11-19"  
  },  
  {  
    "id": 79,  
    "image": "https://firebasestorage.googleapis.com/v0/b/seedling-39ef5.appspot.com/o/cayThuoc%2FCay%20haithao%20trut.jpg?alt=media&token=6a0a5d3b-a319-4bb0-8551-39a2509265c3",  
    "title": "Cây hai thảo trúc",  
    "rating": 4.5,  
    "price": 10000,  
    "purchase": 1043,  
    "category": "cayThuoc",  
    "date": "2021-11-20"  
  },  
  {  
    "id": 80,  
    "image": "https://firebasestorage.googleapis.com/v0/b/seedling-39ef5.appspot.com/o/cayThuoc%2FCay%20kham%20ri.jpg?alt=media&token=a3a6dd95-f7d1-45df-abe3-0d5e5f72d091",  
    "title": "Cây khảm rì",  
    "rating": 4.8,  
    "price": 13000,  
    "purchase": 1143,  
    "category": "cayThuoc",  
    "date": "2021-11-21"  
  },
  {  
    "id": 81,  
    "image": "https://firebasestorage.googleapis.com/v0/b/seedling-39ef5.appspot.com/o/cayThuoc%2FCay%20at%20iso.jpg?alt=media&token=feecfed5-5edd-414d-929f-97df787bdb10",  
    "title": "Cây á tà isô",  
    "rating": 4.8,  
    "price": 12500,  
    "purchase": 1198,  
    "category": "cayThuoc",  
    "date": "2021-11-22"  
  },  
  {  
    "id": 82,  
    "image": "https://firebasestorage.googleapis.com/v0/b/seedling-39ef5.appspot.com/o/cayThuoc%2FCay%20nghe.jpg?alt=media&token=b2f7d1da-dd02-499f-8ad9-31bd67f1a541",  
    "title": "Cây nghệ",  
    "rating": 4.7,  
    "price": 9000,  
    "purchase": 1232,  
    "category": "cayThuoc",  
    "date": "2021-11-23"  
  },  
  {  
    "id": 83,  
    "image": "https://firebasestorage.googleapis.com/v0/b/seedling-39ef5.appspot.com/o/cayThuoc%2FCay%20sau%20dong.jpg?alt=media&token=e2df3ead-4b38-4754-8fd3-548932ad6b8c",  
    "title": "Cây sâu đông",  
    "rating": 4.9,  
    "price": 14000,  
    "purchase": 1386,  
    "category": "cayThuoc",  
    "date": "2021-11-24"  
  },  
  {  
    "id": 84,  
    "image": "https://firebasestorage.googleapis.com/v0/b/seedling-39ef5.appspot.com/o/cayThuoc%2FCay%20mat%20hoang.jpg?alt=media&token=40d8f0b5-d0c6-4f87-8800-99199a2f96cd",  
    "title": "Cây mật hoàng",  
    "rating": 4.4,  
    "price": 7800,  
    "purchase": 987,  
    "category": "cayThuoc",  
    "date": "2021-11-25"  
  },  
  {  
    "id": 85,  
    "image": "https://firebasestorage.googleapis.com/v0/b/seedling-39ef5.appspot.com/o/cayThuoc%2FCay%20dua%20tinh.jpg?alt=media&token=dd1e9619-5551-44b2-ae1f-2c35bc7b4b80",  
    "title": "Cây dược tĩnh",  
    "rating": 4.6,  
    "price": 8600,  
    "purchase": 1103,  
    "category": "cayThuoc",  
    "date": "2021-11-26"  
  },  
  {  
    "id": 86,  
    "image": "https://firebasestorage.googleapis.com/v0/b/seedling-39ef5.appspot.com/o/cayThuoc%2FCay%20luong%20vo.jpg?alt=media&token=663c3a5a-cf7c-4538-8144-2c7a89cb58a0",  
    "title": "Cây luông vỗ",  
    "rating": 4.7,  
    "price": 9200,  
    "purchase": 1234,  
    "category": "cayThuoc",  
    "date": "2021-11-27"  
  },  
  {  
    "id": 87,  
    "image": "https://firebasestorage.googleapis.com/v0/b/seedling-39ef5.appspot.com/o/cayThuoc%2FCay%20duong%20qui.jpg?alt=media&token=4c2f4463-d59a-4539-9fb0-a46bde33b69b",  
    "title": "Cây đương quy",  
    "rating": 4.6,  
    "price": 10000,  
    "purchase": 1263,  
    "category": "cayThuoc",  
    "date": "2021-11-28"  
  },  
  {  
    "id": 88,  
    "image": "https://firebasestorage.googleapis.com/v0/b/seedling-39ef5.appspot.com/o/cayThuoc%2FCay%20son%20ho.jpg?alt=media&token=ff43baf3-72d1-4f6c-9af0-d0affc3e4dc1",  
    "title": "Cây sơn chậu hòe thạch",  
    "rating": 4.5,  
    "price": 8700,  
    "purchase": 1072,  
    "category": "cayThuoc",  
    "date": "2021-11-29"  
  },  
  {  
    "id": 89,  
    "image": "https://firebasestorage.googleapis.com/v0/b/seedling-39ef5.appspot.com/o/cayThuoc%2FCay%20hau%20biet.jpg?alt=media&token=74d419d8-842a-4dfb-80e4-2c0ffb9b970b",  
    "title": "Cây hậu bạch",  
    "rating": 4.4,  
    "price": 9000,  
    "purchase": 1134,  
    "category": "cayThuoc",  
    "date": "2021-11-30"  
  },  
  {  
    "id": 90,  
    "image": "https://firebasestorage.googleapis.com/v0/b/seedling-39ef5.appspot.com/o/cayThuoc%2FCay%20phu%20hoang.jpg?alt=media&token=c93abf23-3968-4a1b-bd4b-1d9f6a8e2e04",  
    "title": "Cây phú hoàng",  
    "rating": 4.7,  
    "price": 9500,  
    "purchase": 1241,  
    "category": "cayThuoc",  
    "date": "2021-12-01"  
  },
  {  
    "id": 91,  
    "image": "https://firebasestorage.googleapis.com/v0/b/seedling-39ef5.appspot.com/o/cayThuoc%2FCay%20bach%20ho.jpg?alt=media&token=e7f715ed-0952-4f18-995f-3c155f0e6858",  
    "title": "Cây bạch hổ",  
    "rating": 4.6,  
    "price": 9000,  
    "purchase": 1103,  
    "category": "cayThuoc",  
    "date": "2021-12-02"  
  },  
  {  
    "id": 92,  
    "image": "https://firebasestorage.googleapis.com/v0/b/seedling-39ef5.appspot.com/o/cayThuoc%2FCay%20sam%20dat.jpg?alt=media&token=1c30c943-fd59-4a32-a587-27f0469573a4",  
    "title": "Cây sâm đất",  
    "rating": 4.7,  
    "price": 9500,  
    "purchase": 1245,  
    "category": "cayThuoc",  
    "date": "2021-12-03"  
  },  
  {  
    "id": 93,  
    "image": "https://firebasestorage.googleapis.com/v0/b/seedling-39ef5.appspot.com/o/cayThuoc%2FCay%20cang%20cua.jpg?alt=media&token=c234e6d7-f6b4-4ba5-86a6-c68d5d4e858e",  
    "title": "Cây cang cua",  
    "rating": 4.5,  
    "price": 8500,  
    "purchase": 1134,  
    "category": "cayThuoc",  
    "date": "2021-12-04"  
  },  
  {  
    "id": 94,  
    "image": "https://firebasestorage.googleapis.com/v0/b/seedling-39ef5.appspot.com/o/cayThuoc%2FCay%20ha%20thu%20o.jpg?alt=media&token=7a3bc402-9e2b-4871-bed2-85b53ae40c10",  
    "title": "Cây hà thủ ô",  
    "rating": 4.8,  
    "price": 13000,  
    "purchase": 1412,  
    "category": "cayThuoc",  
    "date": "2021-12-05"  
  },  
  {  
    "id": 95,  
    "image": "https://firebasestorage.googleapis.com/v0/b/seedling-39ef5.appspot.com/o/cayThuoc%2FCay%20khoai%20lang.jpg?alt=media&token=86ae5b26-75a8-403f-b9a0-8da0b51a93f5",  
    "title": "Cây khoai lang",  
    "rating": 4.6,  
    "price": 7600,  
    "purchase": 1091,  
    "category": "cayThuoc",  
    "date": "2021-12-06"  
  },  
  {  
    "id": 96,  
    "image": "https://firebasestorage.googleapis.com/v0/b/seedling-39ef5.appspot.com/o/cayThuoc%2FCay%20dong%20quy.jpg?alt=media&token=2f65f9ab-b011-4435-a7fe-0c82b051aea2",  
    "title": "Cây đổng quỳ",  
    "rating": 4.7,  
    "price": 9000,  
    "purchase": 1239,  
    "category": "cayThuoc",  
    "date": "2021-12-07"  
  },  
  {  
    "id": 97,  
    "image": "https://firebasestorage.googleapis.com/v0/b/seedling-39ef5.appspot.com/o/cayThuoc%2FCay%20hoan%20ngoc.jpg?alt=media&token=549e4177-2b79-4b9a-98f6-30a02b51a6dc",  
    "title": "Cây hoan ngọc",  
    "rating": 4.6,  
    "price": 9500,  
    "purchase": 1167,  
    "category": "cayThuoc",  
    "date": "2021-12-08"  
  },  
  {  
    "id": 98,  
    "image": "https://firebasestorage.googleapis.com/v0/b/seedling-39ef5.appspot.com/o/cayThuoc%2FCay%20thao%20quy.jpg?alt=media&token=706b3769-24b7-4805-bdf3-8da4ac95d005",  
    "title": "Cây thảo quyết",  
    "rating": 4.8,  
    "price": 11000,  
    "purchase": 1295,  
    "category": "cayThuoc",  
    "date": "2021-12-09"  
  },  
  {  
    "id": 99,  
    "image": "https://firebasestorage.googleapis.com/v0/b/seedling-39ef5.appspot.com/o/cayThuoc%2FCay%20bach%20da.jpg?alt=media&token=6a2a3686-3578-4d04-89e0-c06400a1a1dc",  
    "title": "Cây bạch đàn",  
    "rating": 4.5,  
    "price": 8900,  
    "purchase": 1046,  
    "category": "cayThuoc",  
    "date": "2021-12-10"  
  },  
  {  
    "id": 100,  
    "image": "https://firebasestorage.googleapis.com/v0/b/seedling-39ef5.appspot.com/o/cayThuoc%2FCay%20lua%20mach.jpg?alt=media&token=8b3b04e9-0a11-41d8-91e5-f2d8628782b5",  
    "title": "Cây lúa mạch",  
    "rating": 4.6,  
    "price": 8200,  
    "purchase": 1103,  
    "category": "cayThuoc",  
    "date": "2021-12-11"  
  },
  {  
    "id": 101,  
    "image": "https://example.com/images/cay_gia_vi/gung.jpg",  
    "title": "Gừng",  
    "rating": 4.8,  
    "price": 15000,  
    "purchase": 1350,  
    "category": "cay_gia_vi",  
    "date": "2021-12-12"  
  },  
  {  
    "id": 102,  
    "image": "https://example.com/images/cay_gia_vi/toi.jpg",  
    "title": "Tỏi",  
    "rating": 4.9,  
    "price": 9000,  
    "purchase": 1450,  
    "category": "cay_gia_vi",  
    "date": "2021-12-13"  
  },  
  {  
    "id": 103,  
    "image": "https://example.com/images/cay_gia_vi/hung_qua.jpg",  
    "title": "Húng quế",  
    "rating": 4.6,  
    "price": 5000,  
    "purchase": 1200,  
    "category": "cay_gia_vi",  
    "date": "2021-12-14"  
  },  
  {  
    "id": 104,  
    "image": "https://example.com/images/cay_gia_vi/me.jpg",  
    "title": "Mè",  
    "rating": 4.5,  
    "price": 12000,  
    "purchase": 1100,  
    "category": "cay_gia_vi",  
    "date": "2021-12-15"  
  },  
  {  
    "id": 105,  
    "image": "https://example.com/images/cay_gia_vi/ot.jpg",  
    "title": "Ớt",  
    "rating": 4.7,  
    "price": 6000,  
    "purchase": 1300,  
    "category": "cay_gia_vi",  
    "date": "2021-12-16"  
  },  
  {  
    "id": 106,  
    "image": "https://example.com/images/cay_gia_vi/la_chanh.jpg",  
    "title": "Lá chanh",  
    "rating": 4.6,  
    "price": 3000,  
    "purchase": 1150,  
    "category": "cay_gia_vi",  
    "date": "2021-12-17"  
  },  
  {  
    "id": 107,  
    "image": "https://example.com/images/cay_gia_vi/sa.jpg",  
    "title": "Sả",  
    "rating": 4.8,  
    "price": 7000,  
    "purchase": 1400,  
    "category": "cay_gia_vi",  
    "date": "2021-12-18"  
  },  
  {  
    "id": 108,  
    "image": "https://example.com/images/cay_gia_vi/vani.jpg",  
    "title": "Vani",  
    "rating": 4.9,  
    "price": 25000,  
    "purchase": 1500,  
    "category": "cay_gia_vi",  
    "date": "2021-12-19"  
  },  
  {  
    "id": 109,  
    "image": "https://example.com/images/cay_gia_vi/que.jpg",  
    "title": "Quế",  
    "rating": 4.7,  
    "price": 16000,  
    "purchase": 1380,  
    "category": "cay_gia_vi",  
    "date": "2021-12-20"  
  },  
  {  
    "id": 110,  
    "image": "https://example.com/images/cay_gia_vi/ho_tieu.jpg",  
    "title": "Hồ tiêu",  
    "rating": 4.8,  
    "price": 18000,  
    "purchase": 1420,  
    "category": "cay_gia_vi",  
    "date": "2021-12-21"  
  },
  {  
    "id": 111,  
    "image": "https://example.com/images/cay_gia_vi/la_hung_lui.jpg",  
    "title": "Lá húng lủi",  
    "rating": 4.6,  
    "price": 6000,  
    "purchase": 1200,  
    "category": "cay_gia_vi",  
    "date": "2021-12-22"  
  },  
  {  
    "id": 112,  
    "image": "https://example.com/images/cay_gia_vi/thi_la.jpg",  
    "title": "Thì là",  
    "rating": 4.5,  
    "price": 5000,  
    "purchase": 1190,  
    "category": "cay_gia_vi",  
    "date": "2021-12-23"  
  },  
  {  
    "id": 113,  
    "image": "https://example.com/images/cay_gia_vi/diep_ca.jpg",  
    "title": "Diếp cá",  
    "rating": 4.7,  
    "price": 4000,  
    "purchase": 1250,  
    "category": "cay_gia_vi",  
    "date": "2021-12-24"  
  },  
  {  
    "id": 114,  
    "image": "https://example.com/images/cay_gia_vi/rau_om.jpg",  
    "title": "Rau om",  
    "rating": 4.8,  
    "price": 4500,  
    "purchase": 1270,  
    "category": "cay_gia_vi",  
    "date": "2021-12-25"  
  },  
  {  
    "id": 115,  
    "image": "https://example.com/images/cay_gia_vi/rau_ram.jpg",  
    "title": "Rau răm",  
    "rating": 4.7,  
    "price": 5000,  
    "purchase": 1290,  
    "category": "cay_gia_vi",  
    "date": "2021-12-26"  
  },  
  {  
    "id": 116,  
    "image": "https://example.com/images/cay_gia_vi/nghe.jpg",  
    "title": "Nghệ",  
    "rating": 4.9,  
    "price": 8000,  
    "purchase": 1330,  
    "category": "cay_gia_vi",  
    "date": "2021-12-27"  
  },  
  {  
    "id": 117,  
    "image": "https://example.com/images/cay_gia_vi/chanh.jpg",  
    "title": "Chanh",  
    "rating": 4.8,  
    "price": 3000,  
    "purchase": 1300,  
    "category": "cay_gia_vi",  
    "date": "2021-12-28"  
  },  
  {  
    "id": 118,  
    "image": "https://example.com/images/cay_gia_vi/nui.jpg",  
    "title": "Núi",  
    "rating": 4.6,  
    "price": 2000,  
    "purchase": 1150,  
    "category": "cay_gia_vi",  
    "date": "2021-12-29"  
  },  
  {  
    "id": 119,  
    "image": "https://example.com/images/cay_gia_vi/la_cach.jpg",  
    "title": "Lá cách",  
    "rating": 4.7,  
    "price": 5500,  
    "purchase": 1220,  
    "category": "cay_gia_vi",  
    "date": "2021-12-30"  
  },  
  {  
    "id": 120,  
    "image": "https://example.com/images/cay_gia_vi/la_ca_do.jpg",  
    "title": "Lá cà đố",  
    "rating": 4.8,  
    "price": 3000,  
    "purchase": 1280,  
    "category": "cay_gia_vi",  
    "date": "2021-12-31"  
  },
  {  
    "id": 121,  
    "image": "https://example.com/images/cay_gia_vi/rau_kinh_gioi.jpg",  
    "title": "Rau kinh giới",  
    "rating": 4.7,  
    "price": 4000,  
    "purchase": 1150,  
    "category": "cay_gia_vi",  
    "date": "2022-01-01"  
  },  
  {  
    "id": 122,  
    "image": "https://example.com/images/cay_gia_vi/ba_kich.jpg",  
    "title": "Ba kích",  
    "rating": 4.8,  
    "price": 7000,  
    "purchase": 1200,  
    "category": "cay_gia_vi",  
    "date": "2022-01-02"  
  },  
  {  
    "id": 123,  
    "image": "https://example.com/images/cay_gia_vi/ngai_cuu.jpg",  
    "title": "Ngải cứu",  
    "rating": 4.6,  
    "price": 5000,  
    "purchase": 1180,  
    "category": "cay_gia_vi",  
    "date": "2022-01-03"  
  },  
  {  
    "id": 124,  
    "image": "https://example.com/images/cay_gia_vi/ngai_dieu.jpg",  
    "title": "Ngải diều",  
    "rating": 4.7,  
    "price": 4500,  
    "purchase": 1120,  
    "category": "cay_gia_vi",  
    "date": "2022-01-04"  
  },  
  {  
    "id": 125,  
    "image": "https://example.com/images/cay_gia_vi/la_doc.jpg",  
    "title": "Lá dọc",  
    "rating": 4.5,  
    "price": 3000,  
    "purchase": 1160,  
    "category": "cay_gia_vi",  
    "date": "2022-01-05"  
  },  
  {  
    "id": 126,  
    "image": "https://example.com/images/cay_gia_vi/la_voi.jpg",  
    "title": "Lá vối",  
    "rating": 4.7,  
    "price": 6000,  
    "purchase": 1220,  
    "category": "cay_gia_vi",  
    "date": "2022-01-06"  
  },  
  {  
    "id": 127,  
    "image": "https://example.com/images/cay_gia_vi/tam_xuong_bo.jpg",  
    "title": "Tắm xương bò",  
    "rating": 4.6,  
    "price": 8000,  
    "purchase": 1290,  
    "category": "cay_gia_vi",  
    "date": "2022-01-07"  
  },  
  {  
    "id": 128,  
    "image": "https://example.com/images/cay_gia_vi/iau_lon.jpg",  
    "title": "Láu lơn",  
    "rating": 4.5,  
    "price": 2000,  
    "purchase": 1100,  
    "category": "cay_gia_vi",  
    "date": "2022-01-08"  
  },  
  {  
    "id": 129,  
    "image": "https://example.com/images/cay_gia_vi/nui_non.jpg",  
    "title": "Núi nón",  
    "rating": 4.7,  
    "price": 3500,  
    "purchase": 1170,  
    "category": "cay_gia_vi",  
    "date": "2022-01-09"  
  },  
  {  
    "id": 130,  
    "image": "https://example.com/images/cay_gia_vi/cay_ca_phe.jpg",  
    "title": "Cây cà phê",  
    "rating": 4.9,  
    "price": 10000,  
    "purchase": 1350,  
    "category": "cay_gia_vi",  
    "date": "2022-01-10"  
  },
  {  
    "id": 131,  
    "image": "https://example.com/images/cay_gia_vi/tia_to.jpg",  
    "title": "Tía tô",  
    "rating": 4.7,  
    "price": 5000,  
    "purchase": 1400,  
    "category": "cay_gia_vi",  
    "date": "2022-01-11"  
  },  
  {  
    "id": 132,  
    "image": "https://example.com/images/cay_gia_vi/xa.jpg",  
    "title": "Sả",  
    "rating": 4.8,  
    "price": 3000,  
    "purchase": 1450,  
    "category": "cay_gia_vi",  
    "date": "2022-01-12"  
  },  
  {  
    "id": 133,  
    "image": "https://example.com/images/cay_gia_vi/ot.jpg",  
    "title": "Ớt",  
    "rating": 4.7,  
    "price": 2500,  
    "purchase": 1500,  
    "category": "cay_gia_vi",  
    "date": "2022-01-13"  
  },  
  {  
    "id": 134,  
    "image": "https://example.com/images/cay_gia_vi/la_quan_ho.jpg",  
    "title": "Lá quận hồ",  
    "rating": 4.6,  
    "price": 6000,  
    "purchase": 1300,  
    "category": "cay_gia_vi",  
    "date": "2022-01-14"  
  },  
  {  
    "id": 135,  
    "image": "https://example.com/images/cay_gia_vi/nguu_bang.jpg",  
    "title": "Ngưu bàng",  
    "rating": 4.5,  
    "price": 7000,  
    "purchase": 1350,  
    "category": "cay_gia_vi",  
    "date": "2022-01-15"  
  },  
  {  
    "id": 136,  
    "image": "https://example.com/images/cay_gia_vi/la_mat.jpg",  
    "title": "Lá mật",  
    "rating": 4.8,  
    "price": 8000,  
    "purchase": 1500,  
    "category": "cay_gia_vi",  
    "date": "2022-01-16"  
  },  
  {  
    "id": 137,  
    "image": "https://example.com/images/cay_gia_vi/bon_ngon.jpg",  
    "title": "Bon ngon",  
    "rating": 4.7,  
    "price": 4500,  
    "purchase": 1450,  
    "category": "cay_gia_vi",  
    "date": "2022-01-17"  
  },  
  {  
    "id": 138,  
    "image": "https://example.com/images/cay_gia_vi/la_tia_gap.jpg",  
    "title": "Lá tía gắp",  
    "rating": 4.6,  
    "price": 2000,  
    "purchase": 1200,  
    "category": "cay_gia_vi",  
    "date": "2022-01-18"  
  },  
  {  
    "id": 139,  
    "image": "https://example.com/images/cay_gia_vi/la_gio_nen.jpg",  
    "title": "Lá giò nén",  
    "rating": 4.8,  
    "price": 5000,  
    "purchase": 1550,  
    "category": "cay_gia_vi",  
    "date": "2022-01-19"  
  },  
  {  
    "id": 140,  
    "image": "https://example.com/images/cay_gia_vi/la_rung_hoang.jpg",  
    "title": "Lá rừng hoang",  
    "rating": 4.9,  
    "price": 9000,  
    "purchase": 1600,  
    "category": "cay_gia_vi",  
    "date": "2022-01-20"  
  },
  {  
    "id": 141,  
    "image": "https://example.com/images/cay_gia_vi/rau_ram.jpg",  
    "title": "Rau răm",  
    "rating": 4.7,  
    "price": 3000,  
    "purchase": 1230,  
    "category": "cay_gia_vi",  
    "date": "2022-01-21"  
  },  
  {  
    "id": 142,  
    "image": "https://example.com/images/cay_gia_vi/ngo_gai.jpg",  
    "title": "Ngò gai",  
    "rating": 4.8,  
    "price": 2500,  
    "purchase": 1280,  
    "category": "cay_gia_vi",  
    "date": "2022-01-22"  
  },  
  {  
    "id": 143,  
    "image": "https://example.com/images/cay_gia_vi/rau_diep.jpg",  
    "title": "Rau diếp",  
    "rating": 4.6,  
    "price": 3500,  
    "purchase": 1300,  
    "category": "cay_gia_vi",  
    "date": "2022-01-23"  
  },  
  {  
    "id": 144,  
    "image": "https://example.com/images/cay_gia_vi/rau_cai_xanh.jpg",  
    "title": "Rau cải xanh",  
    "rating": 4.7,  
    "price": 4000,  
    "purchase": 1370,  
    "category": "cay_gia_vi",  
    "date": "2022-01-24"  
  },  
  {  
    "id": 145,  
    "image": "https://example.com/images/cay_gia_vi/rau_bap_choi.jpg",  
    "title": "Rau bắp chói",  
    "rating": 4.5,  
    "price": 4500,  
    "purchase": 1450,  
    "category": "cay_gia_vi",  
    "date": "2022-01-25"  
  },  
  {  
    "id": 146,  
    "image": "https://example.com/images/cay_gia_vi/rau_diep_ca.jpg",  
    "title": "Rau diếp cá",  
    "rating": 4.7,  
    "price": 3500,  
    "purchase": 1350,  
    "category": "cay_gia_vi",  
    "date": "2022-01-26"  
  },  
  {  
    "id": 147,  
    "image": "https://example.com/images/cay_gia_vi/cay_huong_bac_ha.jpg",  
    "title": "Cây hương bạc hà",  
    "rating": 4.8,  
    "price": 5000,  
    "purchase": 1550,  
    "category": "cay_gia_vi",  
    "date": "2022-01-27"  
  },  
  {  
    "id": 148,  
    "image": "https://example.com/images/cay_gia_vi/la_mu_toi.jpg",  
    "title": "Lá mùi tỏi",  
    "rating": 4.6,  
    "price": 3000,  
    "purchase": 1250,  
    "category": "cay_gia_vi",  
    "date": "2022-01-28"  
  },  
  {  
    "id": 149,  
    "image": "https://example.com/images/cay_gia_vi/rau_cang_cua.jpg",  
    "title": "Rau càng cua",  
    "rating": 4.8,  
    "price": 2000,  
    "purchase": 1150,  
    "category": "cay_gia_vi",  
    "date": "2022-01-29"  
  },  
  {  
    "id": 150,  
    "image": "https://example.com/images/cay_gia_vi/rau_mui.jpg",  
    "title": "Rau mùi",  
    "rating": 4.9,  
    "price": 2500,  
    "purchase": 1700,  
    "category": "cay_gia_vi",  
    "date": "2022-01-30"  
  },
  {  
    "id": 151,  
    "image": "https://example.com/images/cay_canh/cay_phat_tai.jpg",  
    "title": "Cây Phát Tài",  
    "rating": 4.8,  
    "price": 500000,  
    "purchase": 780,  
    "category": "cay_canh",  
    "date": "2022-02-01"  
  },  
  {  
    "id": 152,  
    "image": "https://example.com/images/cay_canh/cay_sen_da.jpg",  
    "title": "Cây Sen Đá",  
    "rating": 4.7,  
    "price": 150000,  
    "purchase": 1250,  
    "category": "cay_canh",  
    "date": "2022-02-02"  
  },  
  {  
    "id": 153,  
    "image": "https://example.com/images/cay_canh/cay_lan_hodiep.jpg",  
    "title": "Cây Lan Hồ Điệp",  
    "rating": 4.9,  
    "price": 200000,  
    "purchase": 970,  
    "category": "cay_canh",  
    "date": "2022-02-03"  
  },  
  {  
    "id": 154,  
    "image": "https://example.com/images/cay_canh/cay_duoi_nguoi.jpg",  
    "title": "Cây Đuôi Người",  
    "rating": 4.8,  
    "price": 80000,  
    "purchase": 650,  
    "category": "cay_canh",  
    "date": "2022-02-04"  
  },  
  {  
    "id": 155,  
    "image": "https://example.com/images/cay_canh/cay_trau_ba.jpg",  
    "title": "Cây Trầu Bà",  
    "rating": 4.6,  
    "price": 120000,  
    "purchase": 980,  
    "category": "cay_canh",  
    "date": "2022-02-05"  
  },  
  {  
    "id": 156,  
    "image": "https://example.com/images/cay_canh/cay_lan_hoang_thao.jpg",  
    "title": "Cây Lan Hoàng Thảo",  
    "rating": 4.7,  
    "price": 250000,  
    "purchase": 535,  
    "category": "cay_canh",  
    "date": "2022-02-06"  
  },  
  {  
    "id": 157,  
    "image": "https://example.com/images/cay_canh/cay_len_kinh.jpg",  
    "title": "Cây Len Kỷnh",  
    "rating": 4.9,  
    "price": 180000,  
    "purchase": 1030,  
    "category": "cay_canh",  
    "date": "2022-02-07"  
  },  
  {  
    "id": 158,  
    "image": "https://example.com/images/cay_canh/cay_thien_than.jpg",  
    "title": "Cây Thiên Thần",  
    "rating": 4.8,  
    "price": 220000,  
    "purchase": 880,  
    "category": "cay_canh",  
    "date": "2022-02-08"  
  },  
  {  
    "id": 159,  
    "image": "https://example.com/images/cay_canh/cay_tai_loc.jpg",  
    "title": "Cây Tài Lộc",  
    "rating": 4.7,  
    "price": 200000,  
    "purchase": 690,  
    "category": "cay_canh",  
    "date": "2022-02-09"  
  },  
  {  
    "id": 160,  
    "image": "https://example.com/images/cay_canh/cay_kim_ngan.jpg",  
    "title": "Cây Kim Ngân",  
    "rating": 4.9,  
    "price": 300000,  
    "purchase": 1450,  
    "category": "cay_canh",  
    "date": "2022-02-10"  
  },
  {  
    "id": 161,  
    "image": "https://example.com/images/giong_cay_canh/cay_lau_nuoc.jpg",  
    "title": "Cây Lầu Nước",  
    "rating": 4.6,  
    "price": 50000,  
    "purchase": 850,  
    "category": "cay_canh",  
    "date": "2022-02-11"  
  },  
  {  
    "id": 162,  
    "image": "https://example.com/images/giong_cay_canh/cay_trau_ba_vang.jpg",  
    "title": "Cây Trầu Bà Vàng",  
    "rating": 4.7,  
    "price": 40000,  
    "purchase": 950,  
    "category": "cay_canh",  
    "date": "2022-02-12"  
  },  
  {  
    "id": 163,  
    "image": "https://example.com/images/giong_cay_canh/cay_sen_da_lop.jpg",  
    "title": "Cây Sen Đá Lớp",  
    "rating": 4.8,  
    "price": 30000,  
    "purchase": 1150,  
    "category": "cay_canh",  
    "date": "2022-02-13"  
  },  
  {  
    "id": 164,  
    "image": "https://example.com/images/giong_cay_canh/cay_lan_y.jpg",  
    "title": "Cây Lan Ý",  
    "rating": 4.7,  
    "price": 60000,  
    "purchase": 750,  
    "category": "cay_canh",  
    "date": "2022-02-14"  
  },  
  {  
    "id": 165,  
    "image": "https://example.com/images/giong_cay_canh/cay_truc.jpg",  
    "title": "Cây Trúc",  
    "rating": 4.7,  
    "price": 50000,  
    "purchase": 900,  
    "category": "cay_canh",  
    "date": "2022-02-15"  
  },  
  {  
    "id": 166,  
    "image": "https://example.com/images/giong_cay_canh/cay_ngoc_bich.jpg",  
    "title": "Cây Ngọc Bích",  
    "rating": 4.6,  
    "price": 35000,  
    "purchase": 1050,  
    "category": "cay_canh",  
    "date": "2022-02-16"  
  },  
  {  
    "id": 167,  
    "image": "https://example.com/images/giong_cay_canh/cay_hoang_thao.jpg",  
    "title": "Cây Hoàng Thảo",  
    "rating": 4.8,  
    "price": 45000,  
    "purchase": 870,  
    "category": "cay_canh",  
    "date": "2022-02-17"  
  },  
  {  
    "id": 168,  
    "image": "https://example.com/images/giong_cay_canh/cay_trau_cau.jpg",  
    "title": "Cây Trầu Câu",  
    "rating": 4.7,  
    "price": 20000,  
    "purchase": 960,  
    "category": "cay_canh",  
    "date": "2022-02-18"  
  },  
  {  
    "id": 169,  
    "image": "https://example.com/images/giong_cay_canh/cay_mon_le.jpg",  
    "title": "Cây Môn Lệ",  
    "rating": 4.5,  
    "price": 25000,  
    "purchase": 990,  
    "category": "cay_canh",  
    "date": "2022-02-19"  
  },  
  {  
    "id": 170,  
    "image": "https://example.com/images/giong_cay_canh/cay_day_nhung.jpg",  
    "title": "Cây Dây Nhung",  
    "rating": 4.7,  
    "price": 45000,  
    "purchase": 1100,  
    "category": "cay_canh",  
    "date": "2022-02-20"  
  },
  {  
    "id": 171,  
    "image": "https://example.com/images/giong_cay_canh/cay_lau_mai.jpg",  
    "title": "Cây Lầu Mài",  
    "rating": 4.7,  
    "price": 35000,  
    "purchase": 960,  
    "category": "cay_canh",  
    "date": "2022-02-21"  
  },  
  {  
    "id": 172,  
    "image": "https://example.com/images/giong_cay_canh/cay_chau_diep.jpg",  
    "title": "Cây Châu Điệp",  
    "rating": 4.8,  
    "price": 40000,  
    "purchase": 980,  
    "category": "cay_canh",  
    "date": "2022-02-22"  
  },  
  {  
    "id": 173,  
    "image": "https://example.com/images/giong_cay_canh/cay_luoi_meo.jpg",  
    "title": "Cây Lưỡi Mèo",  
    "rating": 4.9,  
    "price": 30000,  
    "purchase": 1100,  
    "category": "cay_canh",  
    "date": "2022-02-23"  
  },  
  {  
    "id": 174,  
    "image": "https://example.com/images/giong_cay_canh/cay_bang_singapore.jpg",  
    "title": "Cây Bàng Singapore",  
    "rating": 4.6,  
    "price": 50000,  
    "purchase": 890,  
    "category": "cay_canh",  
    "date": "2022-02-24"  
  },  
  {  
    "id": 175,  
    "image": "https://example.com/images/giong_cay_canh/cay_thien_than_bong_trang.jpg",  
    "title": "Cây Thiên Thần Bông Trắng",  
    "rating": 4.7,  
    "price": 55000,  
    "purchase": 800,  
    "category": "cay_canh",  
    "date": "2022-02-25"  
  },  
  {  
    "id": 176,  
    "image": "https://example.com/images/giong_cay_canh/cay_luc_binh.jpg",  
    "title": "Cây Lục Bình",  
    "rating": 4.6,  
    "price": 20000,  
    "purchase": 1150,  
    "category": "cay_canh",  
    "date": "2022-02-26"  
  },  
  {  
    "id": 177,  
    "image": "https://example.com/images/giong_cay_canh/cay_dieu.jpg",  
    "title": "Cây Diều",  
    "rating": 4.8,  
    "price": 32000,  
    "purchase": 940,  
    "category": "cay_canh",  
    "date": "2022-02-27"  
  },  
  {  
    "id": 178,  
    "image": "https://example.com/images/giong_cay_canh/cay_trau_ba_te.jpg",  
    "title": "Cây Trầu Bà Tê",  
    "rating": 4.6,  
    "price": 42000,  
    "purchase": 900,  
    "category": "cay_canh",  
    "date": "2022-02-28"  
  },  
  {  
    "id": 179,  
    "image": "https://example.com/images/giong_cay_canh/cay_hong_mon.jpg",  
    "title": "Cây Hồng Môn",  
    "rating": 4.9,  
    "price": 50000,  
    "purchase": 700,  
    "category": "cay_canh",  
    "date": "2022-03-01"  
  },  
  {  
    "id": 180,  
    "image": "https://example.com/images/giong_cay_canh/cay_dao_ti.jpg",  
    "title": "Cây Đào Tí",  
    "rating": 4.7,  
    "price": 27000,  
    "purchase": 1050,  
    "category": "cay_canh",  
    "date": "2022-03-02"  
  },
  {  
    "id": 181,  
    "image": "https://example.com/images/giong_cay_canh/cay_ngoc_bich.jpg",  
    "title": "Cây Ngọc Bích",  
    "rating": 4.8,  
    "price": 37000,  
    "purchase": 880,  
    "category": "cay_canh",  
    "date": "2022-03-03"  
  },  
  {  
    "id": 182,  
    "image": "https://example.com/images/giong_cay_canh/cay_dao_dung.jpg",  
    "title": "Cây Đào Đứng",  
    "rating": 4.7,  
    "price": 39000,  
    "purchase": 960,  
    "category": "cay_canh",  
    "date": "2022-03-04"  
  },  
  {  
    "id": 183,  
    "image": "https://example.com/images/giong_cay_canh/cay_trau_ba_song.jpg",  
    "title": "Cây Trầu Bà Sóng",  
    "rating": 4.5,  
    "price": 45000,  
    "purchase": 710,  
    "category": "cay_canh",  
    "date": "2022-03-05"  
  },  
  {  
    "id": 184,  
    "image": "https://example.com/images/giong_cay_canh/cay_dong_quyen.jpg",  
    "title": "Cây Đông Quyền",  
    "rating": 4.6,  
    "price": 52000,  
    "purchase": 840,  
    "category": "cay_canh",  
    "date": "2022-03-06"  
  },  
  {  
    "id": 185,  
    "image": "https://example.com/images/giong_cay_canh/cay_hoang_nam.jpg",  
    "title": "Cây Hoàng Nam",  
    "rating": 4.8,  
    "price": 26000,  
    "purchase": 1150,  
    "category": "cay_canh",  
    "date": "2022-03-07"  
  },  
  {  
    "id": 186,  
    "image": "https://example.com/images/giong_cay_canh/cay_lay_gia.jpg",  
    "title": "Cây Lầy Giá",  
    "rating": 4.6,  
    "price": 43000,  
    "purchase": 920,  
    "category": "cay_canh",  
    "date": "2022-03-08"  
  },  
  {  
    "id": 187,  
    "image": "https://example.com/images/giong_cay_canh/cay_day_len.jpg",  
    "title": "Cây Dây Len",  
    "rating": 4.7,  
    "price": 30000,  
    "purchase": 990,  
    "category": "cay_canh",  
    "date": "2022-03-09"  
  },  
  {  
    "id": 188,  
    "image": "https://example.com/images/giong_cay_canh/cay_kim_phat_tai.jpg",  
    "title": "Cây Kim Phát Tài",  
    "rating": 4.9,  
    "price": 55000,  
    "purchase": 770,  
    "category": "cay_canh",  
    "date": "2022-03-10"  
  },  
  {  
    "id": 189,  
    "image": "https://example.com/images/giong_cay_canh/cay_xuan_master_y.jpg",  
    "title": "Cây Xuân Mastery",  
    "rating": 4.8,  
    "price": 39000,  
    "purchase": 880,  
    "category": "cay_canh",  
    "date": "2022-03-11"  
  },  
  {  
    "id": 190,  
    "image": "https://example.com/images/giong_cay_canh/cay_major_king.jpg",  
    "title": "Cây Major King",  
    "rating": 4.7,  
    "price": 27000,  
    "purchase": 1050,  
    "category": "cay_canh",  
    "date": "2022-03-12"  
  },
  {  
    "id": 191,  
    "image": "https://example.com/images/giong_cay_canh/cay_nguyet_que.jpg",  
    "title": "Cây Nguyệt Quế",  
    "rating": 4.8,  
    "price": 32000,  
    "purchase": 950,  
    "category": "cay_canh",  
    "date": "2022-03-13"  
  },  
  {  
    "id": 192,  
    "image": "https://example.com/images/giong_cay_canh/cay_tien_co.jpg",  
    "title": "Cây Tiên Cô",  
    "rating": 4.6,  
    "price": 26000,  
    "purchase": 1020,  
    "category": "cay_canh",  
    "date": "2022-03-14"  
  },  
  {  
    "id": 193,  
    "image": "https://example.com/images/giong_cay_canh/cay_hoang_oanh.jpg",  
    "title": "Cây Hoàng Oanh",  
    "rating": 4.7,  
    "price": 45000,  
    "purchase": 800,  
    "category": "cay_canh",  
    "date": "2022-03-15"  
  },  
  {  
    "id": 194,  
    "image": "https://example.com/images/giong_cay_canh/cay_cau_vong.jpg",  
    "title": "Cây Cầu Vồng",  
    "rating": 4.8,  
    "price": 41000,  
    "purchase": 890,  
    "category": "cay_canh",  
    "date": "2022-03-16"  
  },  
  {  
    "id": 195,  
    "image": "https://example.com/images/giong_cay_canh/cay_canh_buom.jpg",  
    "title": "Cây Cánh Bướm",  
    "rating": 4.7,  
    "price": 43000,  
    "purchase": 850,  
    "category": "cay_canh",  
    "date": "2022-03-17"  
  },  
  {  
    "id": 196,  
    "image": "https://example.com/images/giong_cay_canh/cay_thien_than_bong_vang.jpg",  
    "title": "Cây Thiên Thần Bông Vàng",  
    "rating": 4.6,  
    "price": 35000,  
    "purchase": 960,  
    "category": "cay_canh",  
    "date": "2022-03-18"  
  },  
  {  
    "id": 197,  
    "image": "https://example.com/images/giong_cay_canh/cay_tuong_quan.jpg",  
    "title": "Cây Tường Quân",  
    "rating": 4.7,  
    "price": 29000,  
    "purchase": 980,  
    "category": "cay_canh",  
    "date": "2022-03-19"  
  },  
  {  
    "id": 198,  
    "image": "https://example.com/images/giong_cay_canh/cay_kim_anh.jpg",  
    "title": "Cây Kim Anh",  
    "rating": 4.9,  
    "price": 37000,  
    "purchase": 920,  
    "category": "cay_canh",  
    "date": "2022-03-20"  
  },  
  {  
    "id": 199,  
    "image": "https://example.com/images/giong_cay_canh/cay_phat_loc.jpg",  
    "title": "Cây Phát Lộc",  
    "rating": 4.8,  
    "price": 22000,  
    "purchase": 1080,  
    "category": "cay_canh",  
    "date": "2022-03-21"  
  },  
  {  
    "id": 200,  
    "image": "https://example.com/images/giong_cay_canh/cay_ngoc_han.jpg",  
    "title": "Cây Ngọc Hân",  
    "rating": 4.7,  
    "price": 26000,  
    "purchase": 1050,  
    "category": "cay_canh",  
    "date": "2022-03-22"  
  },
  {  
    "id": 201,  
    "image": "https://example.com/images/giong_cay_hoa/hoa_mai_vang.jpg",  
    "title": "Hoa Mai Vàng",  
    "rating": 4.8,  
    "price": 50000,  
    "purchase": 1200,  
    "category": "giong_cay_hoa",  
    "date": "2022-04-01"  
  },  
  {  
    "id": 202,  
    "image": "https://example.com/images/giong_cay_hoa/hoa_hong_do.jpg",  
    "title": "Hoa Hồng Đỏ",  
    "rating": 4.7,  
    "price": 45000,  
    "purchase": 900,  
    "category": "giong_cay_hoa",  
    "date": "2022-04-02"  
  },  
  {  
    "id": 203,  
    "image": "https://example.com/images/giong_cay_hoa/hoa_cuc_trang.jpg",  
    "title": "Hoa Cúc Trắng",  
    "rating": 4.6,  
    "price": 32000,  
    "purchase": 870,  
    "category": "giong_cay_hoa",  
    "date": "2022-04-03"  
  },  
  {  
    "id": 204,  
    "image": "https://example.com/images/giong_cay_hoa/hoa_lay_ơn.jpg",  
    "title": "Hoa Lay Ơn",  
    "rating": 4.8,  
    "price": 38000,  
    "purchase": 950,  
    "category": "giong_cay_hoa",  
    "date": "2022-04-04"  
  },  
  {  
    "id": 205,  
    "image": "https://example.com/images/giong_cay_hoa/hoa_phuong_hong.jpg",  
    "title": "Hoa Phượng Hồng",  
    "rating": 4.7,  
    "price": 42000,  
    "purchase": 700,  
    "category": "giong_cay_hoa",  
    "date": "2022-04-05"  
  },  
  {  
    "id": 206,  
    "image": "https://example.com/images/giong_cay_hoa/hoa_huong_duong.jpg",  
    "title": "Hoa Hướng Dương",  
    "rating": 4.8,  
    "price": 47000,  
    "purchase": 980,  
    "category": "giong_cay_hoa",  
    "date": "2022-04-06"  
  },  
  {  
    "id": 207,  
    "image": "https://example.com/images/giong_cay_hoa/hoa_dao_do.jpg",  
    "title": "Hoa Đào Đỏ",  
    "rating": 4.6,  
    "price": 53000,  
    "purchase": 820,  
    "category": "giong_cay_hoa",  
    "date": "2022-04-07"  
  },  
  {  
    "id": 208,  
    "image": "https://example.com/images/giong_cay_hoa/hoa_hoang_nhat.jpg",  
    "title": "Hoa Hoàng Nhật",  
    "rating": 4.5,  
    "price": 40000,  
    "purchase": 750,  
    "category": "giong_cay_hoa",  
    "date": "2022-04-08"  
  },  
  {  
    "id": 209,  
    "image": "https://example.com/images/giong_cay_hoa/hoa_lily.jpg",  
    "title": "Hoa Lily",  
    "rating": 4.9,  
    "price": 49000,  
    "purchase": 630,  
    "category": "giong_cay_hoa",  
    "date": "2022-04-09"  
  },  
  {  
    "id": 210,  
    "image": "https://example.com/images/giong_cay_hoa/hoa_pansy.jpg",  
    "title": "Hoa Pansy",  
    "rating": 4.6,  
    "price": 35000,  
    "purchase": 900,  
    "category": "giong_cay_hoa",  
    "date": "2022-04-10"  
  },  
  {  
    "id": 211,  
    "image": "https://example.com/images/giong_cay_hoa/hoa_mimosa.jpg",  
    "title": "Hoa Mimosa",  
    "rating": 4.7,  
    "price": 37000,  
    "purchase": 820,  
    "category": "giong_cay_hoa",  
    "date": "2022-04-11"  
  },  
  {  
    "id": 212,  
    "image": "https://example.com/images/giong_cay_hoa/hoa_kim_chau.jpg",  
    "title": "Hoa Kim Châu",  
    "rating": 4.7,  
    "price": 34000,  
    "purchase": 980,  
    "category": "giong_cay_hoa",  
    "date": "2022-04-12"  
  },  
  {  
    "id": 213,  
    "image": "https://example.com/images/giong_cay_hoa/hoa_cuc_dai_doan.jpg",  
    "title": "Hoa Cúc Đại Đoàn",  
    "rating": 4.8,  
    "price": 42000,  
    "purchase": 800,  
    "category": "giong_cay_hoa",  
    "date": "2022-04-13"  
  },  
  {  
    "id": 214,  
    "image": "https://example.com/images/giong_cay_hoa/hoa_dong_tien.jpg",  
    "title": "Hoa Đồng Tiền",  
    "rating": 4.7,  
    "price": 38000,  
    "purchase": 870,  
    "category": "giong_cay_hoa",  
    "date": "2022-04-14"  
  },  
  {  
    "id": 215,  
    "image": "https://example.com/images/giong_cay_hoa/hoa_cuc_bat_tat.jpg",  
    "title": "Hoa Cúc Bất Tật",  
    "rating": 4.6,  
    "price": 39000,  
    "purchase": 890,  
    "category": "giong_cay_hoa",  
    "date": "2022-04-15"  
  },  
  {  
    "id": 216,  
    "image": "https://example.com/images/giong_cay_hoa/hoa_cuc_dong.jpg",  
    "title": "Hoa Cúc Đông",  
    "rating": 4.9,  
    "price": 45000,  
    "purchase": 730,  
    "category": "giong_cay_hoa",  
    "date": "2022-04-16"  
  },  
  {  
    "id": 217,  
    "image": "https://example.com/images/giong_cay_hoa/hoa_tulips.jpg",  
    "title": "Hoa Tulips",  
    "rating": 4.8,  
    "price": 48000,  
    "purchase": 920,  
    "category": "giong_cay_hoa",  
    "date": "2022-04-17"  
  },  
  {  
    "id": 218,  
    "image": "https://example.com/images/giong_cay_hoa/hoa_tigon.jpg",  
    "title": "Hoa Tigon",  
    "rating": 4.7,  
    "price": 36000,  
    "purchase": 990,  
    "category": "giong_cay_hoa",  
    "date": "2022-04-18"  
  },  
  {  
    "id": 219,  
    "image": "https://example.com/images/giong_cay_hoa/hoa_bach_trang.jpg",  
    "title": "Hoa Bạch Trắng",  
    "rating": 4.8,  
    "price": 37000,  
    "purchase": 940,  
    "category": "giong_cay_hoa",  
    "date": "2022-04-19"  
  },  
  {  
    "id": 220,  
    "image": "https://example.com/images/giong_cay_hoa/hoa_lan_hac.jpg",  
    "title": "Hoa Lan Hạc",  
    "rating": 4.9,  
    "price": 52000,  
    "purchase": 850,  
    "category": "giong_cay_hoa",  
    "date": "2022-04-20"  
  }
]
