[
    {
        "id": 1,
        "rating": 4,
        "name": "Thuttm",
        "review": "Tôi thực sự bị ấn tượng bởi chất lượng và giống cây mà tôi nhận được từ Shop.co. Từ cây ăn trái đến cây cảnh, mọi cây giống mà tôi mua đều vượt xa mong đợi của tôi."
    },
    {
        "id": 2,
        "rating": 5,
        "name": "Vuvu",
        "review": "Việc tìm kiếm cây giống phù hợp với khu vườn của tôi từng là một thử thách cho đến khi tôi khám phá ra Shop.co. Sự đa dạng của các loại cây mà họ cung cấp thực sự đáng kinh ngạc, đáp ứng được nhiều sở thích và yêu cầu khác nhau."
    },
    {
        "id": 3,
        "rating": 3.5,
        "name": "Vietviet",
        "review": "Tôi thực sự bị ấn tượng bởi chất lượng và giống cây mà tôi nhận được từ Shop.co. Từ cây ăn trái đến cây cảnh, mọi cây giống mà tôi mua đều vượt xa mong đợi của tôi."
    },
    {
        "id": 4,
        "rating": 3,
        "name": "MinhThu",
        "review": "Là người luôn tìm kiếm những giống cây độc đáo, tôi rất vui mừng khi tình cờ tìm thấy Shop.co. Bộ sưu tập cây giống không chỉ đa dạng mà còn hợp xu hướng trồng cây mới nhất."
    },
    {
        "id": 5,
        "rating": 5,
        "name": "Duyvu",
        "review": "Tôi thực sự bị ấn tượng bởi chất lượng và giống cây mà tôi nhận được từ Shop.co. Từ cây ăn trái đến cây cảnh, mọi cây giống mà tôi mua đều vượt xa mong đợi của tôi."
    }
]